{
  "model_type": "realistic_production_ensemble",
  "timestamp": "20250824_141546",
  "ensemble_method": "conservative_weighted",
  "weights": {
    "ridge": 0.8,
    "lightgbm": 0.2
  },
  "components": {
    "ridge": {
      "features": [
        "return_5d_lag1",
        "return_20d_lag1",
        "vol_20d_lag1",
        "RANK_PE",
        "RANK_PB",
        "RANK_ROE",
        "ZSCORE_PE",
        "ZSCORE_PB",
        "Volume_Ratio",
        "alpha_1d"
      ],
      "n_features": 10
    },
    "lightgbm": {
      "features": [
        "ml_neg",
        "ml_pos",
        "VIX_Spike",
        "BB_Upper",
        "MACD_Signal",
        "RSI_14",
        "Volume_Ratio",
        "Yield_Spread_rank",
        "Treasury_10Y_rank"
      ],
      "n_features": 9
    }
  },
  "performance": {
    "ic_overall": 0.058706811318754805,
    "ic_bps": 587.0681131875481,
    "gated_ic": 0.08806261063817686,
    "gated_ic_bps": 880.6261063817686,
    "direction_accuracy": 0.5208333333333334,
    "gate_accept_rate": 0.1796875,
    "gate_threshold": 0.0007094942757947943
  },
  "gate_calibration": {
    "target_rate": 0.18,
    "actual_rate": 0.1796875,
    "threshold": 0.0007094942757947943,
    "gated_ic": 0.08806261063817686
  },
  "realistic_validated": true,
  "data_leakage_free": true
}