[
  {
    "run_id": "20250827_083742",
    "timestamp": "2025-08-27T08:37:04.236086",
    "requested_symbols": 50,
    "source_attempts": [
      {
        "source": "yfinance",
        "timestamp": "2025-08-27T08:37:04.236092",
        "success": true,
        "symbols_retrieved": 50,
        "error": null
      }
    ],
    "success_rate": 1.0,
    "latency_seconds": 37.890157
  },
  {
    "run_id": "20250827_085651",
    "timestamp": "2025-08-27T08:56:12.821168",
    "requested_symbols": 50,
    "source_attempts": [
      {
        "source": "yfinance",
        "timestamp": "2025-08-27T08:56:12.821174",
        "success": true,
        "symbols_retrieved": 50,
        "error": null
      }
    ],
    "success_rate": 1.0,
    "latency_seconds": 38.237044
  },
  {
    "run_id": "20250827_090258",
    "timestamp": "2025-08-27T09:02:19.876859",
    "requested_symbols": 50,
    "source_attempts": [
      {
        "source": "yfinance",
        "timestamp": "2025-08-27T09:02:19.876865",
        "success": true,
        "symbols_retrieved": 50,
        "error": null
      }
    ],
    "success_rate": 1.0,
    "latency_seconds": 38.205884
  },
  {
    "run_id": "20250827_090642",
    "timestamp": "2025-08-27T09:06:04.339993",
    "requested_symbols": 50,
    "source_attempts": [
      {
        "source": "yfinance",
        "timestamp": "2025-08-27T09:06:04.339999",
        "success": true,
        "symbols_retrieved": 50,
        "error": null
      }
    ],
    "success_rate": 1.0,
    "latency_seconds": 38.001281
  }
]