{
  "gated_ic_monitoring": {
    "baseline": 0.09653879417083897,
    "alert_floor": 0.06757715591958727,
    "alert_days": 3,
    "current": 0.09653879417083897
  },
  "psi_global": {
    "threshold": 0.25,
    "current": 0.1955,
    "alert_days": 2,
    "headroom": 0.21799999999999997
  },
  "gate_coverage": {
    "target": 0.18,
    "range": [
      0.15,
      0.25
    ],
    "current": 0.1796875,
    "alert_days": 2
  },
  "coverage_skew": {
    "min_long_pct": 0.35,
    "min_short_pct": 0.35,
    "alert_days": 2
  },
  "sector_tilt": {
    "warning_pp": 5,
    "hard_cap_pp": 7
  }
}